Ruby Developer,Flexton Inc,Dice Id : 10282686,Position Id : 989667,"San Francisco, CA",https://www.dice.com/jobs/detail/Ruby-Developer-Flexton-Inc-San-Francisco-CA-94101/10282686/989667?icid=sr1-1p&q=ruby&l=san francisco,Posted 2 hours ago
Ruby Developer,Flexton Inc,Dice Id : 10282686,Position Id : 989667,"San Francisco, CA",https://www.dice.com/jobs/detail/Ruby-Developer-Flexton-Inc-San-Francisco-CA-94101/10282686/989667?icid=sr1-1p&q=ruby&l=san francisco,Posted 2 hours ago
"Ruby on Rails Developer - Ruby on Rails, JavaScript, Ruby",CyberCoders,Dice Id : cybercod,Position Id : HF-12551312,"San Francisco, CA",https://www.dice.com/jobs/detail/Ruby-on-Rails-Developer-%26%2345-Ruby-on-Rails%2C-JavaScript%2C-Ruby-CyberCoders-San-Francisco-CA-94101/cybercod/HF-12551312?icid=sr2-1p&q=ruby&l=san francisco,Posted 6 hours ago
Ruby on Rails Developer - High traffic web applications,CyberCoders,Dice Id : cybercod,Position Id : TZ1-123909815,"San Francisco, CA",https://www.dice.com/jobs/detail/Ruby-on-Rails-Developer-%26%2345-High-traffic-web-applications-CyberCoders-San-Francisco-CA-94101/cybercod/TZ1-123909815?icid=sr3-1p&q=ruby&l=san francisco,Posted 6 hours ago
"Full Stack Developer (Ruby, Python, or Node.js)",CyberCoders,Dice Id : cybercod,Position Id : LL2-12575261,"San Francisco, CA",https://www.dice.com/jobs/detail/Full-Stack-Developer-%28Ruby%2C-Python%2C-or-Node.js%29-CyberCoders-San-Francisco-CA-94101/cybercod/LL2-12575261?icid=sr4-1p&q=ruby&l=san francisco,Posted 6 hours ago
Ruby on Rails Software Engineer - REMOTE,CyberCoders,Dice Id : cybercod,Position Id : TZ1-12581561,"San Francisco, CA",https://www.dice.com/jobs/detail/Ruby-on-Rails-Software-Engineer-%26%2345-REMOTE-CyberCoders-San-Francisco-CA-94101/cybercod/TZ1-12581561?icid=sr5-1p&q=ruby&l=san francisco,Posted 6 hours ago
Ruby on Rails Developer,CyberCoders,Dice Id : cybercod,Position Id : JW1-12566771,"San Francisco, CA",https://www.dice.com/jobs/detail/Ruby-on-Rails-Developer-CyberCoders-San-Francisco-CA-94101/cybercod/JW1-12566771?icid=sr6-1p&q=ruby&l=san francisco,Posted 6 hours ago
Ruby on Rails Software Engineer,CyberCoders,Dice Id : cybercod,Position Id : TZ1-12579591,"San Francisco, CA",https://www.dice.com/jobs/detail/Ruby-on-Rails-Software-Engineer-CyberCoders-San-Francisco-CA-94101/cybercod/TZ1-12579591?icid=sr7-1p&q=ruby&l=san francisco,Posted 6 hours ago
"Lead Ruby on Rails Developer - JavaScript, XML/JSON, REST APIs",CyberCoders,Dice Id : cybercod,Position Id : KL1-12355818,"San Francisco, CA",https://www.dice.com/jobs/detail/Lead-Ruby-on-Rails-Developer-%26%2345-JavaScript%2C-XML%26%2347JSON%2C-REST-APIs-CyberCoders-San-Francisco-CA-94101/cybercod/KL1-12355818?icid=sr8-1p&q=ruby&l=san francisco,Posted 6 hours ago
"Sr. Software Developer - Ruby/Python/Perl, BASH, SQL",CyberCoders,Dice Id : cybercod,Position Id : CP3-123941615,"San Francisco, CA",https://www.dice.com/jobs/detail/Sr.-Software-Developer-%26%2345-Ruby%26%2347Python%26%2347Perl%2C-BASH%2C-SQL-CyberCoders-San-Francisco-CA-94101/cybercod/CP3-123941615?icid=sr9-1p&q=ruby&l=san francisco,Posted 6 hours ago
Full Stack Ruby on Rails Developer - Ton of Room for Growth,CyberCoders,Dice Id : cybercod,Position Id : AY2-12582001,"San Francisco, CA",https://www.dice.com/jobs/detail/Full-Stack-Ruby-on-Rails-Developer-%26%2345-Ton-of-Room-for-Growth-CyberCoders-San-Francisco-CA-94101/cybercod/AY2-12582001?icid=sr10-1p&q=ruby&l=san francisco,Posted 6 hours ago
Senior Ruby on Rails Developer - Angular and Postgres,CyberCoders,Dice Id : cybercod,Position Id : MW1-119562825,"San Francisco, CA",https://www.dice.com/jobs/detail/Senior-Ruby-on-Rails-Developer-%26%2345-Angular-and-Postgres-CyberCoders-San-Francisco-CA-94101/cybercod/MW1-119562825?icid=sr11-1p&q=ruby&l=san francisco,Posted 6 hours ago
Ruby on Rails Software Engineer: Relo to beautiful Santa Barbara,CyberCoders,Dice Id : cybercod,Position Id : MM5-1258306,"San Francisco, CA",https://www.dice.com/jobs/detail/Ruby-on-Rails-Software-Engineer%3A-Relo-to-beautiful-Santa-Barbara-CyberCoders-San-Francisco-CA-94101/cybercod/MM5-1258306?icid=sr12-1p&q=ruby&l=san francisco,Posted 6 hours ago
Ruby on Rails Rockstar with NODE.js -,CyberCoders,Dice Id : cybercod,Position Id : SM1-1258500,"San Francisco, CA",https://www.dice.com/jobs/detail/Ruby-on-Rails-Rockstar-with-NODE.js-%26%2345-CyberCoders-San-Francisco-CA-94101/cybercod/SM1-1258500?icid=sr13-1p&q=ruby&l=san francisco,Posted 6 hours ago
Ruby Developer - 11824,"Maxonic, Inc.",Dice Id : 10108942,Position Id : 11824,"San Francisco, CA",http://www.dice.com/job/result/10108942/11824?icid=sr14-1p,Posted 2 days ago
"Front End Engineer - JavaScript, AngularJS, Ruby on Rails",CyberCoders,Dice Id : cybercod,Position Id : TY1-1258477,"San Francisco, CA",https://www.dice.com/jobs/detail/Front-End-Engineer-%26%2345-JavaScript%2C-AngularJS%2C-Ruby-on-Rails-CyberCoders-San-Francisco-CA-94101/cybercod/TY1-1258477?icid=sr15-1p&q=ruby&l=san francisco,Posted 6 hours ago
Ruby Software Engineer (Remote or Relocation Paid),CyberCoders,Dice Id : cybercod,Position Id : DN2-12572401,"San Francisco, CA",https://www.dice.com/jobs/detail/Ruby-Software-Engineer-%28Remote-or-Relocation-Paid%29-CyberCoders-San-Francisco-CA-94101/cybercod/DN2-12572401?icid=sr16-1p&q=ruby&l=san francisco,Posted 6 hours ago
"Full Stack Engineer - Ruby on Rails, JavaScript, Backbone.JS",CyberCoders,Dice Id : cybercod,Position Id : KL1-12525996,"San Francisco, CA",https://www.dice.com/jobs/detail/Full-Stack-Engineer-%26%2345-Ruby-on-Rails%2C-JavaScript%2C-Backbone.JS-CyberCoders-San-Francisco-CA-94101/cybercod/KL1-12525996?icid=sr17-1p&q=ruby&l=san francisco,Posted 6 hours ago
"Full Stack Developer - Ruby on Rails, HTML, CSS",CyberCoders,Dice Id : cybercod,Position Id : CP2-124138414,"San Francisco, CA",https://www.dice.com/jobs/detail/Full-Stack-Developer-%26%2345-Ruby-on-Rails%2C-HTML%2C-CSS-CyberCoders-San-Francisco-CA-94101/cybercod/CP2-124138414?icid=sr18-1p&q=ruby&l=san francisco,Posted 6 hours ago
Python/Ruby Engineer - Tech Startup - SALARY+ EQUITY,CyberCoders,Dice Id : cybercod,Position Id : KY1-12547263,"San Francisco, CA",https://www.dice.com/jobs/detail/Python%26%2347Ruby-Engineer-%26%2345-Tech-Startup-%26%2345-SALARY%2B-EQUITY-CyberCoders-San-Francisco-CA-94101/cybercod/KY1-12547263?icid=sr19-1p&q=ruby&l=san francisco,Posted 6 hours ago
"Drupal Developer - PHP, Drupal, Ruby",CyberCoders,Dice Id : cybercod,Position Id : JF4-12556932,"San Francisco, CA",https://www.dice.com/jobs/detail/Drupal-Developer-%26%2345-PHP%2C-Drupal%2C-Ruby-CyberCoders-San-Francisco-CA-94101/cybercod/JF4-12556932?icid=sr20-1p&q=ruby&l=san francisco,Posted 6 hours ago
Ruby on Rails Engineer,Mainz Brady Group,Dice Id : 10114266,Position Id : AB9975,"San Francisco, CA",https://www.dice.com/jobs/detail/Ruby-on-Rails-Engineer-Mainz-Brady-Group-San-Francisco-CA-94107/10114266/AB9975?icid=sr21-1p&q=ruby&l=san francisco,Posted 2 days ago
Ruby/ Java Developer,Taos,Dice Id : taosca,Position Id : 352130,"San Francisco, CA",http://www.dice.com/job/result/taosca/352130?icid=sr22-1p,Posted 21 hours ago
Sr. to Lead Ruby on Rails Software Engineer - Health Startup - up to $180k,Skyrocket Ventures,Dice Id : 10366547,Position Id : 964251,"San Francisco, CA",http://www.dice.com/job/result/10366547/964251?icid=sr23-1p,Posted 1 week ago
QE- Ruby/Cucumber- IMMEDIATE FILL,BayOne Solutions,Dice Id : 10494547,Position Id : 833422,"San Francisco, CA",http://www.dice.com/job/result/10494547/833422?icid=sr24-1p,Posted 1 day ago
Senior Ruby on Rails Developer - NYC - Relocation Offered!!,CyberCoders,Dice Id : cybercod,Position Id : JV1-12580111,"San Francisco, CA",https://www.dice.com/jobs/detail/Senior-Ruby-on-Rails-Developer-%26%2345-NYC-%26%2345-Relocation-Offered%21%21-CyberCoders-San-Francisco-CA-94101/cybercod/JV1-12580111?icid=sr25-1p&q=ruby&l=san francisco,Posted 6 hours ago
Senior Ruby on Rails Developer - Relaxed/Fun Company Culture!,CyberCoders,Dice Id : cybercod,Position Id : EO1-12424195,"San Francisco, CA",https://www.dice.com/jobs/detail/Senior-Ruby-on-Rails-Developer-%26%2345-Relaxed%26%2347Fun-Company-Culture%21-CyberCoders-San-Francisco-CA-94101/cybercod/EO1-12424195?icid=sr26-1p&q=ruby&l=san francisco,Posted 6 hours ago
Senior Ruby on Rails Developer- Food Industry B2B SaaS Starup!,CyberCoders,Dice Id : cybercod,Position Id : LS3-123180619,"San Francisco, CA",https://www.dice.com/jobs/detail/Senior-Ruby-on-Rails-Developer%26%2345-Food-Industry-B2B-SaaS-Starup%21-CyberCoders-San-Francisco-CA-94101/cybercod/LS3-123180619?icid=sr27-1p&q=ruby&l=san francisco,Posted 6 hours ago
Ruby on Rails Developer - Fast-Growing SaaS Startup!,CyberCoders,Dice Id : cybercod,Position Id : DM2-12458269,"San Francisco, CA",https://www.dice.com/jobs/detail/Ruby-on-Rails-Developer-%26%2345-Fast%26%2345Growing-SaaS-Startup%21-CyberCoders-San-Francisco-CA-94101/cybercod/DM2-12458269?icid=sr28-1p&q=ruby&l=san francisco,Posted 6 hours ago
Software Engineer ( Ruby on Rails ) **Urgent Hire**,CyberCoders,Dice Id : cybercod,Position Id : CJ1-12407354,"San Francisco, CA",https://www.dice.com/jobs/detail/Software-Engineer-%28-Ruby-on-Rails-%29-**Urgent-Hire**-CyberCoders-San-Francisco-CA-94101/cybercod/CJ1-12407354?icid=sr29-1p&q=ruby&l=san francisco,Posted 6 hours ago
